<?xml version="1.0" standalone="yes"?>

<DEPOTFILE Action="Add" ItemId="1" Path="/C/temp/Aviva_Evidence.ps1" DepotObjectKey="1267805.1">
   <Owner>0</Owner>
   <Group>0</Group>
   <UserOwnerName>Administrators</UserOwnerName>
   <GroupOwnerName></GroupOwnerName>
   <UnixACL>false</UnixACL>
   <Permissions>33206</Permissions>
   <Attributes>2</Attributes>
   <CreatedDate>1616778576</CreatedDate>
   <ModifiedDate>1661532235</ModifiedDate>
   <DataFilePath>//glbtsafs01.eduscho.local/e/data/storage/depotfiles/59f634f9a89d91550a0250b9e4a26666</DataFilePath>
   <SourceDataFilePath>//glbtsafs01.eduscho.local/e/data/storage/depotfiles/59f634f9a89d91550a0250b9e4a26666</SourceDataFilePath>
</DEPOTFILE>

