<?xml version="1.0" encoding="UTF-8" standalone="yes"?>

<BLPACKAGE CreatedBy="A763377@ad.intra.ao-srv.com" CreatedDate="2021/03/26 18:16:25" SchemaVersion="2.0">
   <DEPOTFILE Action="Add" ItemId="1" IsSoftLinked="1" Path="/C/temp/Aviva_Evidence.ps1" DepotObjectKey="1267805.1"></DEPOTFILE>
   <EXTERNALCMD ItemId="2">
      <Name>New External Cmd</Name>
      <Cmd>powershell C:\temp\Aviva_Evidence.ps1 ??TARGET.FQ_HOST??</Cmd>
      <UndoCmd></UndoCmd>
      <ActionOnFailure>Abort</ActionOnFailure>
   </EXTERNALCMD>
</BLPACKAGE>
