<?xml version="1.0" encoding="UTF-8"?>
<!DOCTYPE mapping SYSTEM "file://bladelogic.com/dtds/Import-Mapping.dtd">
<mapping>
    <property_mapping>
        <property_set_class>Job</property_set_class>
        <source_property>_CUSTOMER</source_property>
        <!--This is the name of the property on the importing system to use-->
        <target_property>_CUSTOMER</target_property>
    </property_mapping>
    <property_mapping>
        <property_set_class>Component.CIS - Windows Server 2016</property_set_class>
        <source_property>VAR_GPO_LIST</source_property>
        <!--This is the name of the property on the importing system to use-->
        <target_property>VAR_GPO_LIST</target_property>
    </property_mapping>
    <property_mapping>
        <property_set_class>Depot Object</property_set_class>
        <source_property>_CUSTOMER</source_property>
        <!--This is the name of the property on the importing system to use-->
        <target_property>_CUSTOMER</target_property>
    </property_mapping>
    <property_mapping>
        <property_set_class>Job</property_set_class>
        <source_property>_CATEGORY</source_property>
        <!--This is the name of the property on the importing system to use-->
        <target_property>_CATEGORY</target_property>
    </property_mapping>
    <property_mapping>
        <property_set_class>Server</property_set_class>
        <source_property>NOT_REVIEWED</source_property>
        <!--This is the name of the property on the importing system to use-->
        <target_property>NOT_REVIEWED</target_property>
    </property_mapping>
    <property_mapping>
        <property_set_class>Job</property_set_class>
        <source_property>_CGBU</source_property>
        <!--This is the name of the property on the importing system to use-->
        <target_property>_CGBU</target_property>
    </property_mapping>
    <property_mapping>
        <property_set_class>Job</property_set_class>
        <source_property>_APPLICATION_TYPE</source_property>
        <!--This is the name of the property on the importing system to use-->
        <target_property>_APPLICATION_TYPE</target_property>
    </property_mapping>
    <grouped_object_mapping>
        <source_object>
            <object_type>BLPACKAGE</object_type>
            <object_name>Aviva_Evidence(ServerInfo)</object_name>
            <group_id>2075956</group_id>
        </source_object>
        <!--This is the path to the group into which the object will be imported-->
        <containing_group>/AVIVA/Automation/Windows/Aviva Evidence(ServerInfo)</containing_group>
    </grouped_object_mapping>
    <grouped_object_mapping>
        <source_object>
            <object_type>DEPOT_FILE_OBJECT</object_type>
            <object_name>Aviva_Evidence.ps1</object_name>
            <group_id>2075956</group_id>
        </source_object>
        <!--This is the path to the group into which the object will be imported-->
        <containing_group>/AVIVA/Automation/Windows/Aviva Evidence(ServerInfo)</containing_group>
    </grouped_object_mapping>
    <grouped_object_mapping>
        <source_object>
            <object_type>DEPLOY_JOB</object_type>
            <object_name>Aviva_Evidence(ServerInfo)</object_name>
            <group_id>2123395</group_id>
        </source_object>
        <!--This is the path to the group into which the object will be imported-->
        <containing_group>/AVIVA/Automation/Windows/Granular Jobs</containing_group>
    </grouped_object_mapping>
</mapping>
